{"cameraMode":{"drawMode":0,"name":"Shaded","section":"Shading Mode"},"sceneLighting":false,"audioPlay":false,"sceneViewState":{"m_AlwaysRefresh":false,"showFog":true,"showSkybox":false,"showFlares":true,"showImageEffects":true,"showParticleSystems":true,"showVisualEffectGraphs":true,"m_FxEnabled":true},"in2DMode":false,"pivot":{"x":0.015040874481201172,"y":4.228662967681885,"z":-0.10542678833007813},"rotation":{"x":0.32069164514541628,"y":0.10343783348798752,"z":-0.035256847739219668,"w":0.9408594369888306},"size":5.065254211425781,"orthographic":false}